{
  "metadata": {
    "totalMetros": 150,
    "companiesPerMetro": 3,
    "totalCompaniesTarget": 450,
    "criteria": {
      "minGoogleRating": 4.5,
      "notOnGoogleFirstPage": true,
      "mustBeLocal": true
    },
    "lastUpdated": "2026-01-11"
  },
  "regions": {
    "southeast": {
      "metros": [
        {
          "slug": "charlotte-nc",
          "city": "Charlotte",
          "state": "NC",
          "stateAbbr": "NC",
          "population": 900000,
          "metroPopulation": 2700000,
          "featuredCompany": "bestroofingnow.com",
          "priority": "high",
          "companiesCollected": 0,
          "targetCompanies": 3,
          "neighborhoods": ["South End", "NoDa", "Dilworth", "Myers Park", "Ballantyne", "University City", "Plaza Midwood", "Uptown", "South Park", "Matthews", "Huntersville", "Lake Norman"]
        },
        {
          "slug": "raleigh-nc",
          "city": "Raleigh",
          "state": "NC",
          "stateAbbr": "NC",
          "population": 470000,
          "metroPopulation": 1400000,
          "priority": "high",
          "companiesCollected": 0,
          "targetCompanies": 3,
          "neighborhoods": ["Downtown", "North Hills", "Cameron Village", "Glenwood South", "Five Points", "Cary", "Apex", "Wake Forest"]
        },
        {
          "slug": "atlanta-ga",
          "city": "Atlanta",
          "state": "GA",
          "stateAbbr": "GA",
          "population": 500000,
          "metroPopulation": 6100000,
          "priority": "high",
          "companiesCollected": 0,
          "targetCompanies": 3,
          "neighborhoods": ["Buckhead", "Midtown", "Virginia-Highland", "Inman Park", "Decatur", "Marietta", "Alpharetta", "Sandy Springs"]
        },
        {
          "slug": "miami-fl",
          "city": "Miami",
          "state": "FL",
          "stateAbbr": "FL",
          "population": 450000,
          "metroPopulation": 6200000,
          "priority": "high",
          "companiesCollected": 0,
          "targetCompanies": 3,
          "neighborhoods": ["South Beach", "Brickell", "Coconut Grove", "Coral Gables", "Wynwood", "Fort Lauderdale", "Hollywood"]
        },
        {
          "slug": "tampa-fl",
          "city": "Tampa",
          "state": "FL",
          "stateAbbr": "FL",
          "population": 400000,
          "metroPopulation": 3200000,
          "priority": "high",
          "companiesCollected": 0,
          "targetCompanies": 3,
          "neighborhoods": ["Downtown", "Ybor City", "Hyde Park", "Westchase", "Brandon", "St. Petersburg", "Clearwater"]
        },
        {
          "slug": "orlando-fl",
          "city": "Orlando",
          "state": "FL",
          "stateAbbr": "FL",
          "population": 310000,
          "metroPopulation": 2600000,
          "priority": "high",
          "companiesCollected": 0,
          "targetCompanies": 3,
          "neighborhoods": ["Downtown", "Winter Park", "Lake Nona", "Dr. Phillips", "Kissimmee", "Sanford"]
        },
        {
          "slug": "jacksonville-fl",
          "city": "Jacksonville",
          "state": "FL",
          "stateAbbr": "FL",
          "population": 950000,
          "metroPopulation": 1600000,
          "priority": "medium",
          "companiesCollected": 0,
          "targetCompanies": 3,
          "neighborhoods": ["Downtown", "San Marco", "Riverside", "Avondale", "Jacksonville Beach", "Orange Park"]
        },
        {
          "slug": "nashville-tn",
          "city": "Nashville",
          "state": "TN",
          "stateAbbr": "TN",
          "population": 690000,
          "metroPopulation": 2000000,
          "priority": "high",
          "companiesCollected": 0,
          "targetCompanies": 3,
          "neighborhoods": ["The Gulch", "East Nashville", "Germantown", "12 South", "Franklin", "Brentwood", "Murfreesboro"]
        },
        {
          "slug": "memphis-tn",
          "city": "Memphis",
          "state": "TN",
          "stateAbbr": "TN",
          "population": 630000,
          "metroPopulation": 1350000,
          "priority": "medium",
          "companiesCollected": 0,
          "targetCompanies": 3,
          "neighborhoods": ["Downtown", "Midtown", "Cooper-Young", "East Memphis", "Germantown", "Collierville"]
        },
        {
          "slug": "birmingham-al",
          "city": "Birmingham",
          "state": "AL",
          "stateAbbr": "AL",
          "population": 200000,
          "metroPopulation": 1150000,
          "priority": "medium",
          "companiesCollected": 0,
          "targetCompanies": 3,
          "neighborhoods": ["Downtown", "Homewood", "Mountain Brook", "Vestavia Hills", "Hoover"]
        },
        {
          "slug": "new-orleans-la",
          "city": "New Orleans",
          "state": "LA",
          "stateAbbr": "LA",
          "population": 390000,
          "metroPopulation": 1300000,
          "priority": "medium",
          "companiesCollected": 0,
          "targetCompanies": 3,
          "neighborhoods": ["French Quarter", "Garden District", "Uptown", "Metairie", "Kenner"]
        },
        {
          "slug": "charleston-sc",
          "city": "Charleston",
          "state": "SC",
          "stateAbbr": "SC",
          "population": 150000,
          "metroPopulation": 800000,
          "priority": "medium",
          "companiesCollected": 0,
          "targetCompanies": 3,
          "neighborhoods": ["Downtown", "West Ashley", "Mount Pleasant", "James Island", "North Charleston"]
        },
        {
          "slug": "columbia-sc",
          "city": "Columbia",
          "state": "SC",
          "stateAbbr": "SC",
          "population": 135000,
          "metroPopulation": 850000,
          "priority": "medium",
          "companiesCollected": 0,
          "targetCompanies": 3,
          "neighborhoods": ["Downtown", "Five Points", "Forest Acres", "Irmo", "Lexington"]
        },
        {
          "slug": "greenville-sc",
          "city": "Greenville",
          "state": "SC",
          "stateAbbr": "SC",
          "population": 70000,
          "metroPopulation": 930000,
          "priority": "medium",
          "companiesCollected": 0,
          "targetCompanies": 3,
          "neighborhoods": ["Downtown", "West End", "Augusta Road", "Simpsonville", "Mauldin"]
        },
        {
          "slug": "savannah-ga",
          "city": "Savannah",
          "state": "GA",
          "stateAbbr": "GA",
          "population": 145000,
          "metroPopulation": 400000,
          "priority": "low",
          "companiesCollected": 0,
          "targetCompanies": 3,
          "neighborhoods": ["Historic District", "Midtown", "Southside", "Pooler", "Richmond Hill"]
        }
      ]
    },
    "southwest": {
      "metros": [
        {
          "slug": "houston-tx",
          "city": "Houston",
          "state": "TX",
          "stateAbbr": "TX",
          "population": 2300000,
          "metroPopulation": 7100000,
          "priority": "high",
          "companiesCollected": 0,
          "targetCompanies": 3,
          "neighborhoods": ["The Heights", "Montrose", "River Oaks", "Memorial", "Katy", "Sugar Land", "The Woodlands", "Pearland"]
        },
        {
          "slug": "dallas-tx",
          "city": "Dallas",
          "state": "TX",
          "stateAbbr": "TX",
          "population": 1300000,
          "metroPopulation": 7600000,
          "priority": "high",
          "companiesCollected": 0,
          "targetCompanies": 3,
          "neighborhoods": ["Uptown", "Deep Ellum", "Bishop Arts", "Oak Lawn", "Preston Hollow", "Plano", "Frisco", "Richardson"]
        },
        {
          "slug": "san-antonio-tx",
          "city": "San Antonio",
          "state": "TX",
          "stateAbbr": "TX",
          "population": 1500000,
          "metroPopulation": 2600000,
          "priority": "high",
          "companiesCollected": 0,
          "targetCompanies": 3,
          "neighborhoods": ["Downtown", "Alamo Heights", "Stone Oak", "The Pearl", "Southtown", "New Braunfels"]
        },
        {
          "slug": "austin-tx",
          "city": "Austin",
          "state": "TX",
          "stateAbbr": "TX",
          "population": 1000000,
          "metroPopulation": 2300000,
          "priority": "high",
          "companiesCollected": 0,
          "targetCompanies": 3,
          "neighborhoods": ["Downtown", "South Congress", "East Austin", "Round Rock", "Cedar Park", "Pflugerville", "Georgetown"]
        },
        {
          "slug": "fort-worth-tx",
          "city": "Fort Worth",
          "state": "TX",
          "stateAbbr": "TX",
          "population": 950000,
          "metroPopulation": 2600000,
          "priority": "medium",
          "companiesCollected": 0,
          "targetCompanies": 3,
          "neighborhoods": ["Downtown", "Sundance Square", "Near Southside", "Arlington", "Keller", "Southlake"]
        },
        {
          "slug": "phoenix-az",
          "city": "Phoenix",
          "state": "AZ",
          "stateAbbr": "AZ",
          "population": 1600000,
          "metroPopulation": 4900000,
          "priority": "high",
          "companiesCollected": 0,
          "targetCompanies": 3,
          "neighborhoods": ["Scottsdale", "Paradise Valley", "Arcadia", "Tempe", "Mesa", "Chandler", "Gilbert"]
        },
        {
          "slug": "tucson-az",
          "city": "Tucson",
          "state": "AZ",
          "stateAbbr": "AZ",
          "population": 550000,
          "metroPopulation": 1050000,
          "priority": "medium",
          "companiesCollected": 0,
          "targetCompanies": 3,
          "neighborhoods": ["Downtown", "Oro Valley", "Marana", "Catalina Foothills", "South Tucson"]
        },
        {
          "slug": "albuquerque-nm",
          "city": "Albuquerque",
          "state": "NM",
          "stateAbbr": "NM",
          "population": 560000,
          "metroPopulation": 920000,
          "priority": "medium",
          "companiesCollected": 0,
          "targetCompanies": 3,
          "neighborhoods": ["Downtown", "Old Town", "Nob Hill", "Rio Rancho", "Santa Fe"]
        },
        {
          "slug": "el-paso-tx",
          "city": "El Paso",
          "state": "TX",
          "stateAbbr": "TX",
          "population": 680000,
          "metroPopulation": 870000,
          "priority": "low",
          "companiesCollected": 0,
          "targetCompanies": 3,
          "neighborhoods": ["Downtown", "West Side", "East Side", "Northeast", "Mission Valley"]
        },
        {
          "slug": "oklahoma-city-ok",
          "city": "Oklahoma City",
          "state": "OK",
          "stateAbbr": "OK",
          "population": 680000,
          "metroPopulation": 1450000,
          "priority": "medium",
          "companiesCollected": 0,
          "targetCompanies": 3,
          "neighborhoods": ["Bricktown", "Midtown", "Edmond", "Norman", "Moore", "Yukon"]
        },
        {
          "slug": "tulsa-ok",
          "city": "Tulsa",
          "state": "OK",
          "stateAbbr": "OK",
          "population": 410000,
          "metroPopulation": 1000000,
          "priority": "medium",
          "companiesCollected": 0,
          "targetCompanies": 3,
          "neighborhoods": ["Downtown", "Brookside", "Cherry Street", "Broken Arrow", "Jenks", "Owasso"]
        }
      ]
    },
    "west": {
      "metros": [
        {
          "slug": "los-angeles-ca",
          "city": "Los Angeles",
          "state": "CA",
          "stateAbbr": "CA",
          "population": 3900000,
          "metroPopulation": 13200000,
          "priority": "high",
          "companiesCollected": 0,
          "targetCompanies": 3,
          "neighborhoods": ["Hollywood", "Beverly Hills", "Santa Monica", "Pasadena", "Long Beach", "Glendale", "Burbank", "Venice"]
        },
        {
          "slug": "san-diego-ca",
          "city": "San Diego",
          "state": "CA",
          "stateAbbr": "CA",
          "population": 1400000,
          "metroPopulation": 3300000,
          "priority": "high",
          "companiesCollected": 0,
          "targetCompanies": 3,
          "neighborhoods": ["Downtown", "La Jolla", "Pacific Beach", "North Park", "Chula Vista", "Oceanside", "Escondido"]
        },
        {
          "slug": "san-francisco-ca",
          "city": "San Francisco",
          "state": "CA",
          "stateAbbr": "CA",
          "population": 870000,
          "metroPopulation": 4700000,
          "priority": "high",
          "companiesCollected": 0,
          "targetCompanies": 3,
          "neighborhoods": ["Downtown", "SOMA", "Mission", "Marina", "Castro", "Oakland", "Berkeley", "San Jose"]
        },
        {
          "slug": "san-jose-ca",
          "city": "San Jose",
          "state": "CA",
          "stateAbbr": "CA",
          "population": 1030000,
          "metroPopulation": 2000000,
          "priority": "high",
          "companiesCollected": 0,
          "targetCompanies": 3,
          "neighborhoods": ["Downtown", "Willow Glen", "Almaden Valley", "Santa Clara", "Sunnyvale", "Mountain View"]
        },
        {
          "slug": "seattle-wa",
          "city": "Seattle",
          "state": "WA",
          "stateAbbr": "WA",
          "population": 750000,
          "metroPopulation": 4000000,
          "priority": "high",
          "companiesCollected": 0,
          "targetCompanies": 3,
          "neighborhoods": ["Capitol Hill", "Ballard", "Fremont", "Queen Anne", "Bellevue", "Redmond", "Tacoma", "Everett"]
        },
        {
          "slug": "portland-or",
          "city": "Portland",
          "state": "OR",
          "stateAbbr": "OR",
          "population": 650000,
          "metroPopulation": 2500000,
          "priority": "high",
          "companiesCollected": 0,
          "targetCompanies": 3,
          "neighborhoods": ["Pearl District", "Alberta Arts", "Hawthorne", "Division", "Beaverton", "Lake Oswego", "Tigard"]
        },
        {
          "slug": "las-vegas-nv",
          "city": "Las Vegas",
          "state": "NV",
          "stateAbbr": "NV",
          "population": 650000,
          "metroPopulation": 2300000,
          "priority": "high",
          "companiesCollected": 0,
          "targetCompanies": 3,
          "neighborhoods": ["The Strip", "Downtown", "Summerlin", "Henderson", "Green Valley", "North Las Vegas"]
        },
        {
          "slug": "denver-co",
          "city": "Denver",
          "state": "CO",
          "stateAbbr": "CO",
          "population": 720000,
          "metroPopulation": 2900000,
          "priority": "high",
          "companiesCollected": 0,
          "targetCompanies": 3,
          "neighborhoods": ["LoDo", "Capitol Hill", "Cherry Creek", "RiNo", "Highlands", "Aurora", "Lakewood", "Boulder"]
        },
        {
          "slug": "colorado-springs-co",
          "city": "Colorado Springs",
          "state": "CO",
          "stateAbbr": "CO",
          "population": 490000,
          "metroPopulation": 750000,
          "priority": "medium",
          "companiesCollected": 0,
          "targetCompanies": 3,
          "neighborhoods": ["Downtown", "Old Colorado City", "Manitou Springs", "Broadmoor", "Briargate"]
        },
        {
          "slug": "salt-lake-city-ut",
          "city": "Salt Lake City",
          "state": "UT",
          "stateAbbr": "UT",
          "population": 200000,
          "metroPopulation": 1250000,
          "priority": "medium",
          "companiesCollected": 0,
          "targetCompanies": 3,
          "neighborhoods": ["Downtown", "Sugar House", "The Avenues", "Provo", "West Valley City", "Sandy"]
        },
        {
          "slug": "sacramento-ca",
          "city": "Sacramento",
          "state": "CA",
          "stateAbbr": "CA",
          "population": 520000,
          "metroPopulation": 2400000,
          "priority": "medium",
          "companiesCollected": 0,
          "targetCompanies": 3,
          "neighborhoods": ["Midtown", "East Sacramento", "Land Park", "Elk Grove", "Roseville", "Folsom"]
        },
        {
          "slug": "riverside-ca",
          "city": "Riverside",
          "state": "CA",
          "stateAbbr": "CA",
          "population": 320000,
          "metroPopulation": 4650000,
          "priority": "medium",
          "companiesCollected": 0,
          "targetCompanies": 3,
          "neighborhoods": ["Downtown", "Canyon Crest", "Corona", "Moreno Valley", "Ontario", "Rancho Cucamonga"]
        },
        {
          "slug": "fresno-ca",
          "city": "Fresno",
          "state": "CA",
          "stateAbbr": "CA",
          "population": 540000,
          "metroPopulation": 1000000,
          "priority": "medium",
          "companiesCollected": 0,
          "targetCompanies": 3,
          "neighborhoods": ["Downtown", "Tower District", "Clovis", "Fig Garden", "Sunnyside"]
        },
        {
          "slug": "honolulu-hi",
          "city": "Honolulu",
          "state": "HI",
          "stateAbbr": "HI",
          "population": 350000,
          "metroPopulation": 1000000,
          "priority": "low",
          "companiesCollected": 0,
          "targetCompanies": 3,
          "neighborhoods": ["Waikiki", "Downtown", "Kailua", "Pearl City", "Aiea"]
        },
        {
          "slug": "anchorage-ak",
          "city": "Anchorage",
          "state": "AK",
          "stateAbbr": "AK",
          "population": 290000,
          "metroPopulation": 400000,
          "priority": "low",
          "companiesCollected": 0,
          "targetCompanies": 3,
          "neighborhoods": ["Downtown", "Midtown", "South Anchorage", "Eagle River"]
        }
      ]
    },
    "midwest": {
      "metros": [
        {
          "slug": "chicago-il",
          "city": "Chicago",
          "state": "IL",
          "stateAbbr": "IL",
          "population": 2700000,
          "metroPopulation": 9500000,
          "priority": "high",
          "companiesCollected": 0,
          "targetCompanies": 3,
          "neighborhoods": ["The Loop", "Lincoln Park", "Wicker Park", "Gold Coast", "River North", "Naperville", "Evanston", "Oak Park"]
        },
        {
          "slug": "detroit-mi",
          "city": "Detroit",
          "state": "MI",
          "stateAbbr": "MI",
          "population": 640000,
          "metroPopulation": 4300000,
          "priority": "high",
          "companiesCollected": 0,
          "targetCompanies": 3,
          "neighborhoods": ["Downtown", "Corktown", "Midtown", "Ann Arbor", "Royal Oak", "Troy", "Dearborn"]
        },
        {
          "slug": "minneapolis-mn",
          "city": "Minneapolis",
          "state": "MN",
          "stateAbbr": "MN",
          "population": 430000,
          "metroPopulation": 3700000,
          "priority": "high",
          "companiesCollected": 0,
          "targetCompanies": 3,
          "neighborhoods": ["Downtown", "Uptown", "North Loop", "St. Paul", "Bloomington", "Eden Prairie", "Plymouth"]
        },
        {
          "slug": "st-louis-mo",
          "city": "St. Louis",
          "state": "MO",
          "stateAbbr": "MO",
          "population": 300000,
          "metroPopulation": 2800000,
          "priority": "medium",
          "companiesCollected": 0,
          "targetCompanies": 3,
          "neighborhoods": ["Downtown", "Central West End", "Soulard", "Clayton", "University City", "Kirkwood"]
        },
        {
          "slug": "kansas-city-mo",
          "city": "Kansas City",
          "state": "MO",
          "stateAbbr": "MO",
          "population": 510000,
          "metroPopulation": 2200000,
          "priority": "medium",
          "companiesCollected": 0,
          "targetCompanies": 3,
          "neighborhoods": ["Downtown", "Westport", "Country Club Plaza", "Overland Park", "Leawood", "Olathe"]
        },
        {
          "slug": "indianapolis-in",
          "city": "Indianapolis",
          "state": "IN",
          "stateAbbr": "IN",
          "population": 880000,
          "metroPopulation": 2100000,
          "priority": "medium",
          "companiesCollected": 0,
          "targetCompanies": 3,
          "neighborhoods": ["Downtown", "Mass Ave", "Broad Ripple", "Carmel", "Fishers", "Noblesville"]
        },
        {
          "slug": "columbus-oh",
          "city": "Columbus",
          "state": "OH",
          "stateAbbr": "OH",
          "population": 900000,
          "metroPopulation": 2150000,
          "priority": "medium",
          "companiesCollected": 0,
          "targetCompanies": 3,
          "neighborhoods": ["Downtown", "Short North", "German Village", "Clintonville", "Dublin", "Westerville"]
        },
        {
          "slug": "cleveland-oh",
          "city": "Cleveland",
          "state": "OH",
          "stateAbbr": "OH",
          "population": 370000,
          "metroPopulation": 2050000,
          "priority": "medium",
          "companiesCollected": 0,
          "targetCompanies": 3,
          "neighborhoods": ["Downtown", "Ohio City", "Tremont", "University Circle", "Lakewood", "Rocky River"]
        },
        {
          "slug": "cincinnati-oh",
          "city": "Cincinnati",
          "state": "OH",
          "stateAbbr": "OH",
          "population": 310000,
          "metroPopulation": 2200000,
          "priority": "medium",
          "companiesCollected": 0,
          "targetCompanies": 3,
          "neighborhoods": ["Downtown", "Over-the-Rhine", "Hyde Park", "Mount Adams", "Mason", "West Chester"]
        },
        {
          "slug": "milwaukee-wi",
          "city": "Milwaukee",
          "state": "WI",
          "stateAbbr": "WI",
          "population": 580000,
          "metroPopulation": 1600000,
          "priority": "medium",
          "companiesCollected": 0,
          "targetCompanies": 3,
          "neighborhoods": ["Downtown", "Third Ward", "East Side", "Wauwatosa", "Brookfield", "Waukesha"]
        },
        {
          "slug": "omaha-ne",
          "city": "Omaha",
          "state": "NE",
          "stateAbbr": "NE",
          "population": 490000,
          "metroPopulation": 960000,
          "priority": "low",
          "companiesCollected": 0,
          "targetCompanies": 3,
          "neighborhoods": ["Downtown", "Old Market", "Dundee", "Benson", "Papillion", "Bellevue"]
        },
        {
          "slug": "des-moines-ia",
          "city": "Des Moines",
          "state": "IA",
          "stateAbbr": "IA",
          "population": 215000,
          "metroPopulation": 700000,
          "priority": "low",
          "companiesCollected": 0,
          "targetCompanies": 3,
          "neighborhoods": ["Downtown", "East Village", "West Des Moines", "Ankeny", "Urbandale"]
        },
        {
          "slug": "madison-wi",
          "city": "Madison",
          "state": "WI",
          "stateAbbr": "WI",
          "population": 270000,
          "metroPopulation": 680000,
          "priority": "low",
          "companiesCollected": 0,
          "targetCompanies": 3,
          "neighborhoods": ["Downtown", "Isthmus", "Middleton", "Sun Prairie", "Fitchburg"]
        },
        {
          "slug": "grand-rapids-mi",
          "city": "Grand Rapids",
          "state": "MI",
          "stateAbbr": "MI",
          "population": 200000,
          "metroPopulation": 1080000,
          "priority": "low",
          "companiesCollected": 0,
          "targetCompanies": 3,
          "neighborhoods": ["Downtown", "East Hills", "Heritage Hill", "Wyoming", "Kentwood"]
        }
      ]
    },
    "northeast": {
      "metros": [
        {
          "slug": "new-york-ny",
          "city": "New York",
          "state": "NY",
          "stateAbbr": "NY",
          "population": 8300000,
          "metroPopulation": 20100000,
          "priority": "high",
          "companiesCollected": 0,
          "targetCompanies": 3,
          "neighborhoods": ["Manhattan", "Brooklyn", "Queens", "Bronx", "Staten Island", "Long Island", "Westchester", "Jersey City"]
        },
        {
          "slug": "philadelphia-pa",
          "city": "Philadelphia",
          "state": "PA",
          "stateAbbr": "PA",
          "population": 1600000,
          "metroPopulation": 6200000,
          "priority": "high",
          "companiesCollected": 0,
          "targetCompanies": 3,
          "neighborhoods": ["Center City", "Fishtown", "Manayunk", "Northern Liberties", "King of Prussia", "Main Line", "Camden"]
        },
        {
          "slug": "boston-ma",
          "city": "Boston",
          "state": "MA",
          "stateAbbr": "MA",
          "population": 680000,
          "metroPopulation": 4900000,
          "priority": "high",
          "companiesCollected": 0,
          "targetCompanies": 3,
          "neighborhoods": ["Downtown", "Back Bay", "South End", "Cambridge", "Brookline", "Newton", "Somerville"]
        },
        {
          "slug": "washington-dc",
          "city": "Washington",
          "state": "DC",
          "stateAbbr": "DC",
          "population": 710000,
          "metroPopulation": 6400000,
          "priority": "high",
          "companiesCollected": 0,
          "targetCompanies": 3,
          "neighborhoods": ["Downtown", "Georgetown", "Capitol Hill", "Dupont Circle", "Arlington", "Bethesda", "Alexandria"]
        },
        {
          "slug": "baltimore-md",
          "city": "Baltimore",
          "state": "MD",
          "stateAbbr": "MD",
          "population": 570000,
          "metroPopulation": 2800000,
          "priority": "medium",
          "companiesCollected": 0,
          "targetCompanies": 3,
          "neighborhoods": ["Downtown", "Fells Point", "Federal Hill", "Canton", "Towson", "Columbia"]
        },
        {
          "slug": "pittsburgh-pa",
          "city": "Pittsburgh",
          "state": "PA",
          "stateAbbr": "PA",
          "population": 300000,
          "metroPopulation": 2350000,
          "priority": "medium",
          "companiesCollected": 0,
          "targetCompanies": 3,
          "neighborhoods": ["Downtown", "Shadyside", "Squirrel Hill", "South Side", "Lawrenceville", "Cranberry Township"]
        },
        {
          "slug": "buffalo-ny",
          "city": "Buffalo",
          "state": "NY",
          "stateAbbr": "NY",
          "population": 280000,
          "metroPopulation": 1130000,
          "priority": "low",
          "companiesCollected": 0,
          "targetCompanies": 3,
          "neighborhoods": ["Downtown", "Elmwood Village", "North Buffalo", "Amherst", "Cheektowaga"]
        },
        {
          "slug": "rochester-ny",
          "city": "Rochester",
          "state": "NY",
          "stateAbbr": "NY",
          "population": 210000,
          "metroPopulation": 1090000,
          "priority": "low",
          "companiesCollected": 0,
          "targetCompanies": 3,
          "neighborhoods": ["Downtown", "Park Avenue", "South Wedge", "Brighton", "Pittsford"]
        },
        {
          "slug": "hartford-ct",
          "city": "Hartford",
          "state": "CT",
          "stateAbbr": "CT",
          "population": 120000,
          "metroPopulation": 1200000,
          "priority": "low",
          "companiesCollected": 0,
          "targetCompanies": 3,
          "neighborhoods": ["Downtown", "West Hartford", "Glastonbury", "Manchester", "Farmington"]
        },
        {
          "slug": "providence-ri",
          "city": "Providence",
          "state": "RI",
          "stateAbbr": "RI",
          "population": 190000,
          "metroPopulation": 1650000,
          "priority": "low",
          "companiesCollected": 0,
          "targetCompanies": 3,
          "neighborhoods": ["Downtown", "Federal Hill", "East Side", "Warwick", "Cranston"]
        },
        {
          "slug": "albany-ny",
          "city": "Albany",
          "state": "NY",
          "stateAbbr": "NY",
          "population": 100000,
          "metroPopulation": 900000,
          "priority": "low",
          "companiesCollected": 0,
          "targetCompanies": 3,
          "neighborhoods": ["Downtown", "Center Square", "Lark Street", "Saratoga Springs", "Troy"]
        },
        {
          "slug": "richmond-va",
          "city": "Richmond",
          "state": "VA",
          "stateAbbr": "VA",
          "population": 230000,
          "metroPopulation": 1320000,
          "priority": "medium",
          "companiesCollected": 0,
          "targetCompanies": 3,
          "neighborhoods": ["Downtown", "The Fan", "Carytown", "Short Pump", "Midlothian", "Glen Allen"]
        },
        {
          "slug": "virginia-beach-va",
          "city": "Virginia Beach",
          "state": "VA",
          "stateAbbr": "VA",
          "population": 460000,
          "metroPopulation": 1850000,
          "priority": "medium",
          "companiesCollected": 0,
          "targetCompanies": 3,
          "neighborhoods": ["Oceanfront", "Town Center", "Norfolk", "Newport News", "Hampton", "Chesapeake"]
        }
      ]
    }
  },
  "priorityOrder": [
    "charlotte-nc",
    "new-york-ny",
    "los-angeles-ca",
    "chicago-il",
    "houston-tx",
    "phoenix-az",
    "philadelphia-pa",
    "san-antonio-tx",
    "san-diego-ca",
    "dallas-tx",
    "austin-tx",
    "san-jose-ca",
    "jacksonville-fl",
    "fort-worth-tx",
    "columbus-oh",
    "charlotte-nc",
    "indianapolis-in",
    "san-francisco-ca",
    "seattle-wa",
    "denver-co",
    "washington-dc",
    "boston-ma",
    "nashville-tn",
    "detroit-mi",
    "portland-or",
    "las-vegas-nv",
    "memphis-tn",
    "louisville-ky",
    "baltimore-md",
    "milwaukee-wi",
    "albuquerque-nm",
    "tucson-az",
    "fresno-ca",
    "sacramento-ca",
    "kansas-city-mo",
    "atlanta-ga",
    "miami-fl",
    "raleigh-nc",
    "omaha-ne",
    "colorado-springs-co",
    "minneapolis-mn",
    "cleveland-oh",
    "tampa-fl",
    "orlando-fl",
    "st-louis-mo",
    "pittsburgh-pa",
    "cincinnati-oh",
    "salt-lake-city-ut"
  ]
}
